sourceUrl,regions,notes
https://dol.ny.gov/news/area-sheet-metal-workers-jatc-lu112-elmira-0,"[""Southern Tier"", ""Western New York""]",locationSummary: region 'western new york' -> Western New York | locationSummary: region 'southern tier' -> Southern Tier
https://dol.ny.gov/news/asbestos-workers-jac-lu-91-0,"[""Hudson Valley""]",allRequirements: county_name 'westchester' -> Hudson Valley | allRequirements: county_name 'dutchess' -> Hudson Valley | allRequirements: county_name 'rockland' -> Hudson Valley | allRequirements: county_name 'orange' -> Hudson Valley | allRequirements: county_name 'putnam' -> Hudson Valley
https://dol.ny.gov/news/bac-local-1-hudson-valley,"[""Hudson Valley""]",locationSummary: locality 'newburgh' -> Hudson Valley
https://dol.ny.gov/news/boilermakers-northeastern-jac-local-5-zone-7-0,"[""Finger Lakes"", ""Southern Tier"", ""Western New York""]",locationSummary: region 'southern tier' -> Southern Tier | locationSummary: region 'finger lakes' -> Finger Lakes | locationSummary: region 'western' -> Western New York
https://dol.ny.gov/news/boilermakers-northeastern-jac-lu-5-zone-197,"[""Capital Region""]",locationSummary: alias 'albany' -> Capital Region
https://dol.ny.gov/news/bricklayers-allied-craftworkers-jac-local-2-oswego-0,"[""Capital Region"", ""Central New York"", ""Mohawk Valley"", ""North Country""]",residencyRequirement: county_name 'st lawrence' -> North Country | residencyRequirement: county_name 'schenectady' -> Capital Region | residencyRequirement: county_name 'rensselaer' -> Capital Region | residencyRequirement: county_name 'washington' -> Capital Region | residencyRequirement: county_name 'montgomery' -> Mohawk Valley | residencyRequirement: county_name 'schoharie' -> Mohawk Valley | residencyRequirement: county_name 'jefferson' -> North Country | residencyRequirement: county_name 'columbia' -> Capital Region | residencyRequirement: county_name 'saratoga' -> Capital Region | residencyRequirement: county_name 'onondaga' -> Central New York | residencyRequirement: county_name 'herkimer' -> Mohawk Valley | residencyRequirement: county_name 'franklin' -> North Country | residencyRequirement: county_name 'hamilton' -> North Country | residencyRequirement: county_name 'madison' -> Central New York | residencyRequirement: county_name 'clinton' -> North Country | residencyRequirement: county_name 'albany' -> Capital Region | residencyRequirement: county_name 'greene' -> Capital Region | residencyRequirement: county_name 'warren' -> Capital Region | residencyRequirement: county_name 'cayuga' -> Central New York | residencyRequirement: county_name 'oswego' -> Central New York | residencyRequirement: county_name 'fulton' -> Mohawk Valley | residencyRequirement: county_name 'oneida' -> Mohawk Valley | residencyRequirement: county_name 'essex' -> North Country | residencyRequirement: county_name 'lewis' -> North Country | allRequirements: county_name 'st lawrence' -> North Country | allRequirements: county_name 'schenectady' -> Capital Region | allRequirements: county_name 'rensselaer' -> Capital Region | allRequirements: county_name 'washington' -> Capital Region | allRequirements: county_name 'montgomery' -> Mohawk Valley | allRequirements: county_name 'schoharie' -> Mohawk Valley | allRequirements: county_name 'jefferson' -> North Country | allRequirements: county_name 'columbia' -> Capital Region | allRequirements: county_name 'saratoga' -> Capital Region | allRequirements: county_name 'onondaga' -> Central New York | allRequirements: county_name 'herkimer' -> Mohawk Valley | allRequirements: county_name 'franklin' -> North Country | allRequirements: county_name 'hamilton' -> North Country | allRequirements: county_name 'madison' -> Central New York | allRequirements: county_name 'clinton' -> North Country | allRequirements: county_name 'albany' -> Capital Region | allRequirements: county_name 'greene' -> Capital Region | allRequirements: county_name 'warren' -> Capital Region | allRequirements: county_name 'cayuga' -> Central New York | allRequirements: county_name 'oswego' -> Central New York | allRequirements: county_name 'fulton' -> Mohawk Valley | allRequirements: county_name 'oneida' -> Mohawk Valley | allRequirements: county_name 'essex' -> North Country | allRequirements: county_name 'lewis' -> North Country
https://dol.ny.gov/news/bricklayers-allied-craftworkers-jac-local-2-syracuse-1,"[""Capital Region"", ""Central New York"", ""Mohawk Valley"", ""North Country""]",residencyRequirement: county_name 'st lawrence' -> North Country | residencyRequirement: county_name 'schenectady' -> Capital Region | residencyRequirement: county_name 'rensselaer' -> Capital Region | residencyRequirement: county_name 'washington' -> Capital Region | residencyRequirement: county_name 'montgomery' -> Mohawk Valley | residencyRequirement: county_name 'schoharie' -> Mohawk Valley | residencyRequirement: county_name 'jefferson' -> North Country | residencyRequirement: county_name 'columbia' -> Capital Region | residencyRequirement: county_name 'saratoga' -> Capital Region | residencyRequirement: county_name 'onondaga' -> Central New York | residencyRequirement: county_name 'herkimer' -> Mohawk Valley | residencyRequirement: county_name 'franklin' -> North Country | residencyRequirement: county_name 'hamilton' -> North Country | residencyRequirement: county_name 'madison' -> Central New York | residencyRequirement: county_name 'clinton' -> North Country | residencyRequirement: county_name 'albany' -> Capital Region | residencyRequirement: county_name 'greene' -> Capital Region | residencyRequirement: county_name 'warren' -> Capital Region | residencyRequirement: county_name 'cayuga' -> Central New York | residencyRequirement: county_name 'oswego' -> Central New York | residencyRequirement: county_name 'fulton' -> Mohawk Valley | residencyRequirement: county_name 'oneida' -> Mohawk Valley | residencyRequirement: county_name 'essex' -> North Country | residencyRequirement: county_name 'lewis' -> North Country | allRequirements: county_name 'st lawrence' -> North Country | allRequirements: county_name 'schenectady' -> Capital Region | allRequirements: county_name 'rensselaer' -> Capital Region | allRequirements: county_name 'washington' -> Capital Region | allRequirements: county_name 'montgomery' -> Mohawk Valley | allRequirements: county_name 'schoharie' -> Mohawk Valley | allRequirements: county_name 'jefferson' -> North Country | allRequirements: county_name 'columbia' -> Capital Region | allRequirements: county_name 'saratoga' -> Capital Region | allRequirements: county_name 'onondaga' -> Central New York | allRequirements: county_name 'herkimer' -> Mohawk Valley | allRequirements: county_name 'franklin' -> North Country | allRequirements: county_name 'hamilton' -> North Country | allRequirements: county_name 'madison' -> Central New York | allRequirements: county_name 'clinton' -> North Country | allRequirements: county_name 'albany' -> Capital Region | allRequirements: county_name 'greene' -> Capital Region | allRequirements: county_name 'warren' -> Capital Region | allRequirements: county_name 'cayuga' -> Central New York | allRequirements: county_name 'oswego' -> Central New York | allRequirements: county_name 'fulton' -> Mohawk Valley | allRequirements: county_name 'oneida' -> Mohawk Valley | allRequirements: county_name 'essex' -> North Country | allRequirements: county_name 'lewis' -> North Country
https://dol.ny.gov/news/bricklayers-allied-craftworkers-jac-local-2-utica-0,"[""Capital Region"", ""Central New York"", ""Mohawk Valley"", ""North Country""]",residencyRequirement: county_name 'st lawrence' -> North Country | residencyRequirement: county_name 'schenectady' -> Capital Region | residencyRequirement: county_name 'rensselaer' -> Capital Region | residencyRequirement: county_name 'washington' -> Capital Region | residencyRequirement: county_name 'montgomery' -> Mohawk Valley | residencyRequirement: county_name 'schoharie' -> Mohawk Valley | residencyRequirement: county_name 'jefferson' -> North Country | residencyRequirement: county_name 'columbia' -> Capital Region | residencyRequirement: county_name 'saratoga' -> Capital Region | residencyRequirement: county_name 'onondaga' -> Central New York | residencyRequirement: county_name 'herkimer' -> Mohawk Valley | residencyRequirement: county_name 'franklin' -> North Country | residencyRequirement: county_name 'hamilton' -> North Country | residencyRequirement: county_name 'madison' -> Central New York | residencyRequirement: county_name 'clinton' -> North Country | residencyRequirement: county_name 'albany' -> Capital Region | residencyRequirement: county_name 'greene' -> Capital Region | residencyRequirement: county_name 'warren' -> Capital Region | residencyRequirement: county_name 'cayuga' -> Central New York | residencyRequirement: county_name 'oswego' -> Central New York | residencyRequirement: county_name 'fulton' -> Mohawk Valley | residencyRequirement: county_name 'oneida' -> Mohawk Valley | residencyRequirement: county_name 'essex' -> North Country | residencyRequirement: county_name 'lewis' -> North Country | allRequirements: county_name 'st lawrence' -> North Country | allRequirements: county_name 'schenectady' -> Capital Region | allRequirements: county_name 'rensselaer' -> Capital Region | allRequirements: county_name 'washington' -> Capital Region | allRequirements: county_name 'montgomery' -> Mohawk Valley | allRequirements: county_name 'schoharie' -> Mohawk Valley | allRequirements: county_name 'jefferson' -> North Country | allRequirements: county_name 'columbia' -> Capital Region | allRequirements: county_name 'saratoga' -> Capital Region | allRequirements: county_name 'onondaga' -> Central New York | allRequirements: county_name 'herkimer' -> Mohawk Valley | allRequirements: county_name 'franklin' -> North Country | allRequirements: county_name 'hamilton' -> North Country | allRequirements: county_name 'madison' -> Central New York | allRequirements: county_name 'clinton' -> North Country | allRequirements: county_name 'albany' -> Capital Region | allRequirements: county_name 'greene' -> Capital Region | allRequirements: county_name 'warren' -> Capital Region | allRequirements: county_name 'cayuga' -> Central New York | allRequirements: county_name 'oswego' -> Central New York | allRequirements: county_name 'fulton' -> Mohawk Valley | allRequirements: county_name 'oneida' -> Mohawk Valley | allRequirements: county_name 'essex' -> North Country | allRequirements: county_name 'lewis' -> North Country
https://dol.ny.gov/news/bricklayers-allied-craftworkers-local-2-albany-0,"[""Capital Region"", ""Central New York"", ""Mohawk Valley"", ""North Country""]",locationSummary: region 'capital district' -> Capital Region | locationSummary: region 'mohawk valley' -> Mohawk Valley | locationSummary: region 'north country' -> North Country | residencyRequirement: county_name 'st lawrence' -> North Country | residencyRequirement: county_name 'schenectady' -> Capital Region | residencyRequirement: county_name 'rensselaer' -> Capital Region | residencyRequirement: county_name 'washington' -> Capital Region | residencyRequirement: county_name 'montgomery' -> Mohawk Valley | residencyRequirement: county_name 'schoharie' -> Mohawk Valley | residencyRequirement: county_name 'jefferson' -> North Country | residencyRequirement: county_name 'columbia' -> Capital Region | residencyRequirement: county_name 'saratoga' -> Capital Region | residencyRequirement: county_name 'onondaga' -> Central New York | residencyRequirement: county_name 'herkimer' -> Mohawk Valley | residencyRequirement: county_name 'franklin' -> North Country | residencyRequirement: county_name 'hamilton' -> North Country | residencyRequirement: county_name 'madison' -> Central New York | residencyRequirement: county_name 'clinton' -> North Country | residencyRequirement: county_name 'albany' -> Capital Region | residencyRequirement: county_name 'greene' -> Capital Region | residencyRequirement: county_name 'warren' -> Capital Region | residencyRequirement: county_name 'cayuga' -> Central New York | residencyRequirement: county_name 'oswego' -> Central New York | residencyRequirement: county_name 'fulton' -> Mohawk Valley | residencyRequirement: county_name 'oneida' -> Mohawk Valley | residencyRequirement: county_name 'essex' -> North Country | residencyRequirement: county_name 'lewis' -> North Country | allRequirements: county_name 'st lawrence' -> North Country | allRequirements: county_name 'schenectady' -> Capital Region | allRequirements: county_name 'rensselaer' -> Capital Region | allRequirements: county_name 'washington' -> Capital Region | allRequirements: county_name 'montgomery' -> Mohawk Valley | allRequirements: county_name 'schoharie' -> Mohawk Valley | allRequirements: county_name 'jefferson' -> North Country | allRequirements: county_name 'columbia' -> Capital Region | allRequirements: county_name 'saratoga' -> Capital Region | allRequirements: county_name 'onondaga' -> Central New York | allRequirements: county_name 'herkimer' -> Mohawk Valley | allRequirements: county_name 'franklin' -> North Country | allRequirements: county_name 'hamilton' -> North Country | allRequirements: county_name 'madison' -> Central New York | allRequirements: county_name 'clinton' -> North Country | allRequirements: county_name 'albany' -> Capital Region | allRequirements: county_name 'greene' -> Capital Region | allRequirements: county_name 'warren' -> Capital Region | allRequirements: county_name 'cayuga' -> Central New York | allRequirements: county_name 'oswego' -> Central New York | allRequirements: county_name 'fulton' -> Mohawk Valley | allRequirements: county_name 'oneida' -> Mohawk Valley | allRequirements: county_name 'essex' -> North Country | allRequirements: county_name 'lewis' -> North Country
https://dol.ny.gov/news/bricklayers-allied-craftworkers-local-2-ogdensburg-0,"[""Capital Region"", ""Central New York"", ""Mohawk Valley"", ""North Country""]",residencyRequirement: county_name 'st lawrence' -> North Country | residencyRequirement: county_name 'schenectady' -> Capital Region | residencyRequirement: county_name 'rensselaer' -> Capital Region | residencyRequirement: county_name 'washington' -> Capital Region | residencyRequirement: county_name 'montgomery' -> Mohawk Valley | residencyRequirement: county_name 'schoharie' -> Mohawk Valley | residencyRequirement: county_name 'jefferson' -> North Country | residencyRequirement: county_name 'columbia' -> Capital Region | residencyRequirement: county_name 'saratoga' -> Capital Region | residencyRequirement: county_name 'onondaga' -> Central New York | residencyRequirement: county_name 'herkimer' -> Mohawk Valley | residencyRequirement: county_name 'franklin' -> North Country | residencyRequirement: county_name 'hamilton' -> North Country | residencyRequirement: county_name 'madison' -> Central New York | residencyRequirement: county_name 'clinton' -> North Country | residencyRequirement: county_name 'albany' -> Capital Region | residencyRequirement: county_name 'greene' -> Capital Region | residencyRequirement: county_name 'warren' -> Capital Region | residencyRequirement: county_name 'cayuga' -> Central New York | residencyRequirement: county_name 'oswego' -> Central New York | residencyRequirement: county_name 'fulton' -> Mohawk Valley | residencyRequirement: county_name 'oneida' -> Mohawk Valley | residencyRequirement: county_name 'essex' -> North Country | residencyRequirement: county_name 'lewis' -> North Country | allRequirements: county_name 'st lawrence' -> North Country | allRequirements: county_name 'schenectady' -> Capital Region | allRequirements: county_name 'rensselaer' -> Capital Region | allRequirements: county_name 'washington' -> Capital Region | allRequirements: county_name 'montgomery' -> Mohawk Valley | allRequirements: county_name 'schoharie' -> Mohawk Valley | allRequirements: county_name 'jefferson' -> North Country | allRequirements: county_name 'columbia' -> Capital Region | allRequirements: county_name 'saratoga' -> Capital Region | allRequirements: county_name 'onondaga' -> Central New York | allRequirements: county_name 'herkimer' -> Mohawk Valley | allRequirements: county_name 'franklin' -> North Country | allRequirements: county_name 'hamilton' -> North Country | allRequirements: county_name 'madison' -> Central New York | allRequirements: county_name 'clinton' -> North Country | allRequirements: county_name 'albany' -> Capital Region | allRequirements: county_name 'greene' -> Capital Region | allRequirements: county_name 'warren' -> Capital Region | allRequirements: county_name 'cayuga' -> Central New York | allRequirements: county_name 'oswego' -> Central New York | allRequirements: county_name 'fulton' -> Mohawk Valley | allRequirements: county_name 'oneida' -> Mohawk Valley | allRequirements: county_name 'essex' -> North Country | allRequirements: county_name 'lewis' -> North Country
https://dol.ny.gov/news/bricklayers-allied-craftworkers-local-3-rochester-1,"[""Finger Lakes""]",locationSummary: alias 'rochester' -> Finger Lakes
https://dol.ny.gov/news/capital-sheet-metal-workers-jatc-local-83-0,"[""Capital Region"", ""Mohawk Valley"", ""North Country""]",residencyRequirement: county_name 'schenectady' -> Capital Region | residencyRequirement: county_name 'rensselaer' -> Capital Region | residencyRequirement: county_name 'washington' -> Capital Region | residencyRequirement: county_name 'montgomery' -> Mohawk Valley | residencyRequirement: county_name 'schoharie' -> Mohawk Valley | residencyRequirement: county_name 'columbia' -> Capital Region | residencyRequirement: county_name 'saratoga' -> Capital Region | residencyRequirement: county_name 'franklin' -> North Country | residencyRequirement: county_name 'hamilton' -> North Country | residencyRequirement: county_name 'clinton' -> North Country | residencyRequirement: county_name 'albany' -> Capital Region | residencyRequirement: county_name 'greene' -> Capital Region | residencyRequirement: county_name 'warren' -> Capital Region | residencyRequirement: county_name 'fulton' -> Mohawk Valley | residencyRequirement: county_name 'essex' -> North Country | allRequirements: county_name 'schenectady' -> Capital Region | allRequirements: county_name 'rensselaer' -> Capital Region | allRequirements: county_name 'washington' -> Capital Region | allRequirements: county_name 'montgomery' -> Mohawk Valley | allRequirements: county_name 'schoharie' -> Mohawk Valley | allRequirements: county_name 'columbia' -> Capital Region | allRequirements: county_name 'saratoga' -> Capital Region | allRequirements: county_name 'franklin' -> North Country | allRequirements: county_name 'hamilton' -> North Country | allRequirements: county_name 'clinton' -> North Country | allRequirements: county_name 'albany' -> Capital Region | allRequirements: county_name 'greene' -> Capital Region | allRequirements: county_name 'warren' -> Capital Region | allRequirements: county_name 'fulton' -> Mohawk Valley | allRequirements: county_name 'essex' -> North Country
https://dol.ny.gov/news/carpenters-jatc-nyc-vicinity-2,"[""New York City""]",locationSummary: region 'new york city' -> New York City
https://dol.ny.gov/news/carpenters-jatc-nyc-vicinity-3,"[""New York City""]",locationSummary: region 'new york city' -> New York City
https://dol.ny.gov/news/central-new-york-electrical-training-alliance-1,"[""Central New York"", ""Finger Lakes"", ""Mohawk Valley"", ""Southern Tier""]",locationSummary: region 'mohawk valley' -> Mohawk Valley | locationSummary: region 'southern tier' -> Southern Tier | locationSummary: region 'finger lakes' -> Finger Lakes | locationSummary: region 'central' -> Central New York
https://dol.ny.gov/news/construction-general-building-laborers-lu-79,"[""Long Island""]",locationSummary: region 'long island' -> Long Island
https://dol.ny.gov/news/construction-general-laborers-local-union-633-0,"[""Central New York""]",locationSummary: locality 'east syracuse' -> Central New York
https://dol.ny.gov/news/eastern-millwright-regional-council-apprenticeship-training-fund,"[""Capital Region"", ""Finger Lakes"", ""Hudson Valley"", ""Long Island"", ""Mohawk Valley"", ""New York City"", ""North Country"", ""Southern Tier"", ""Western New York""]",locationSummary: region 'western new york' -> Western New York | locationSummary: region 'capital district' -> Capital Region | locationSummary: region 'mohawk valley' -> Mohawk Valley | locationSummary: region 'north country' -> North Country | locationSummary: region 'southern tier' -> Southern Tier | locationSummary: region 'finger lakes' -> Finger Lakes | residencyRequirement: county_name 'westchester' -> Hudson Valley | residencyRequirement: county_name 'dutchess' -> Hudson Valley | residencyRequirement: county_name 'rockland' -> Hudson Valley | residencyRequirement: county_name 'richmond' -> New York City | residencyRequirement: county_name 'suffolk' -> Long Island | residencyRequirement: county_name 'orange' -> Hudson Valley | residencyRequirement: county_name 'putnam' -> Hudson Valley | residencyRequirement: county_name 'nassau' -> Long Island | residencyRequirement: county_name 'queens' -> New York City | residencyRequirement: county_name 'bronx' -> New York City | residencyRequirement: county_name 'kings' -> New York City | allRequirements: county_name 'westchester' -> Hudson Valley | allRequirements: county_name 'dutchess' -> Hudson Valley | allRequirements: county_name 'rockland' -> Hudson Valley | allRequirements: county_name 'richmond' -> New York City | allRequirements: county_name 'suffolk' -> Long Island | allRequirements: county_name 'orange' -> Hudson Valley | allRequirements: county_name 'putnam' -> Hudson Valley | allRequirements: county_name 'nassau' -> Long Island | allRequirements: county_name 'queens' -> New York City | allRequirements: county_name 'bronx' -> New York City | allRequirements: county_name 'kings' -> New York City
https://dol.ny.gov/news/eastern-new-york-laborers-training-center,"[""Capital Region"", ""Mohawk Valley""]",locationSummary: alias 'albany' -> Capital Region | locationSummary: locality 'utica' -> Mohawk Valley
https://dol.ny.gov/news/electricians-jac-binghamton-ibew-lu-325,"[""Capital Region"", ""Mohawk Valley"", ""North Country"", ""Southern Tier""]",residencyRequirement: county 'broome county' -> Southern Tier | residencyRequirement: county_name 'chenango' -> Southern Tier | residencyRequirement: county_name 'delaware' -> Southern Tier | residencyRequirement: county_name 'otsego' -> Mohawk Valley | residencyRequirement: county_name 'tioga' -> Southern Tier | allRequirements: county 'chenango county' -> Southern Tier | allRequirements: county 'delaware county' -> Southern Tier | allRequirements: county 'otsego county' -> Mohawk Valley | allRequirements: county 'broome county' -> Southern Tier | allRequirements: county 'tioga county' -> Southern Tier | allRequirements: county_name 'franklin' -> North Country | allRequirements: county_name 'delaware' -> Southern Tier | allRequirements: county_name 'tompkins' -> Southern Tier | allRequirements: county_name 'greene' -> Capital Region | allRequirements: county_name 'tioga' -> Southern Tier
https://dol.ny.gov/news/electricians-jac-binghamton-ibew-lu-325-1,"[""Capital Region"", ""Mohawk Valley"", ""North Country"", ""Southern Tier""]",residencyRequirement: county 'broome county' -> Southern Tier | residencyRequirement: county_name 'chenango' -> Southern Tier | residencyRequirement: county_name 'delaware' -> Southern Tier | residencyRequirement: county_name 'otsego' -> Mohawk Valley | residencyRequirement: county_name 'tioga' -> Southern Tier | allRequirements: county 'chenango county' -> Southern Tier | allRequirements: county 'delaware county' -> Southern Tier | allRequirements: county 'otsego county' -> Mohawk Valley | allRequirements: county 'broome county' -> Southern Tier | allRequirements: county 'tioga county' -> Southern Tier | allRequirements: county_name 'franklin' -> North Country | allRequirements: county_name 'delaware' -> Southern Tier | allRequirements: county_name 'tompkins' -> Southern Tier | allRequirements: county_name 'greene' -> Capital Region | allRequirements: county_name 'tioga' -> Southern Tier
https://dol.ny.gov/news/electricians-jac-buffalo-lu-41-0,"[""Finger Lakes"", ""Western New York""]",residencyRequirement: county 'cattaraugus county' -> Western New York | residencyRequirement: county 'genesee county' -> Finger Lakes | residencyRequirement: county 'wyoming county' -> Finger Lakes | residencyRequirement: county 'erie county' -> Western New York | allRequirements: county 'cattaraugus county' -> Western New York | allRequirements: county 'genesee county' -> Finger Lakes | allRequirements: county 'wyoming county' -> Finger Lakes | allRequirements: county 'erie county' -> Western New York
https://dol.ny.gov/news/electricians-jac-elmira-lu-139-0,"[""Finger Lakes"", ""Hudson Valley"", ""Southern Tier"", ""Western New York""]",locationSummary: region 'southern tier' -> Southern Tier | locationSummary: region 'western' -> Western New York | residencyRequirement: county_name 'schuyler' -> Southern Tier | residencyRequirement: county_name 'allegany' -> Western New York | residencyRequirement: county_name 'chemung' -> Southern Tier | residencyRequirement: county_name 'steuben' -> Southern Tier | residencyRequirement: county_name 'tioga' -> Southern Tier | allRequirements: county 'schuyler county' -> Southern Tier | allRequirements: county 'allegany county' -> Western New York | allRequirements: county 'chemung county' -> Southern Tier | allRequirements: county 'steuben county' -> Southern Tier | allRequirements: county 'tioga county' -> Southern Tier | allRequirements: county_name 'genesee' -> Finger Lakes | allRequirements: county_name 'orange' -> Hudson Valley
https://dol.ny.gov/news/electricians-jac-ithaca-241-0,"[""Central New York"", ""Finger Lakes"", ""Southern Tier""]",locationSummary: region 'southern tier' -> Southern Tier | locationSummary: region 'finger lakes' -> Finger Lakes | locationSummary: region 'central' -> Central New York | residencyRequirement: county_name 'schuyler' -> Southern Tier | residencyRequirement: county_name 'tompkins' -> Southern Tier | residencyRequirement: county_name 'cayuga' -> Central New York | residencyRequirement: county_name 'seneca' -> Finger Lakes | residencyRequirement: county_name 'tioga' -> Southern Tier | allRequirements: county 'schuyler county' -> Southern Tier | allRequirements: county 'tompkins county' -> Southern Tier | allRequirements: county 'cayuga county' -> Central New York | allRequirements: county 'seneca county' -> Finger Lakes | allRequirements: county 'tioga county' -> Southern Tier | allRequirements: county_name 'schuyler' -> Southern Tier | allRequirements: county_name 'tompkins' -> Southern Tier | allRequirements: county_name 'cayuga' -> Central New York | allRequirements: county_name 'seneca' -> Finger Lakes | allRequirements: county_name 'tioga' -> Southern Tier
https://dol.ny.gov/news/electricians-jac-watertown-local-910-0,"[""North Country""]",locationSummary: alias 'watertown' -> North Country
https://dol.ny.gov/news/finishing-trades-institute-new-york-5,"[""Long Island""]",locationSummary: region 'long island' -> Long Island
https://dol.ny.gov/news/finishing-trades-institute-western-central-new-york-oswego,"[""Central New York"", ""North Country""]",locationSummary: region 'north country' -> North Country | locationSummary: region 'central' -> Central New York
https://dol.ny.gov/news/finishing-trades-institute-western-central-ny-buffalo,"[""Finger Lakes"", ""Southern Tier"", ""Western New York""]",locationSummary: region 'western new york' -> Western New York | locationSummary: region 'southern tier' -> Southern Tier | locationSummary: region 'finger lakes' -> Finger Lakes
https://dol.ny.gov/news/finishing-trades-institute-western-central-ny-ithaca,"[""Central New York"", ""Mohawk Valley"", ""Southern Tier""]",locationSummary: region 'mohawk valley' -> Mohawk Valley | locationSummary: region 'southern tier' -> Southern Tier | locationSummary: region 'central' -> Central New York
https://dol.ny.gov/news/finishing-trades-institute-western-central-ny-rochester,"[""Central New York""]",locationSummary: region 'central new york' -> Central New York
https://dol.ny.gov/news/finishing-trades-institute-western-central-ny-syracuse,"[""Central New York"", ""Finger Lakes"", ""Mohawk Valley""]",locationSummary: region 'mohawk valley' -> Mohawk Valley | locationSummary: region 'finger lakes' -> Finger Lakes | locationSummary: region 'central' -> Central New York
https://dol.ny.gov/news/general-building-laborers-local66,"[""Long Island""]",residencyRequirement: county_name 'suffolk' -> Long Island | residencyRequirement: county_name 'nassau' -> Long Island | allRequirements: county_name 'suffolk' -> Long Island | allRequirements: county_name 'nassau' -> Long Island
https://dol.ny.gov/news/geneva-electrical-jatc-local-840-0,"[""Central New York"", ""Finger Lakes""]",residencyRequirement: county 'onondaga county' -> Central New York | residencyRequirement: county 'ontario county' -> Finger Lakes | residencyRequirement: county 'cayuga county' -> Central New York | residencyRequirement: county 'seneca county' -> Finger Lakes | residencyRequirement: county 'wayne county' -> Finger Lakes | residencyRequirement: county 'yates county' -> Finger Lakes | residencyRequirement: county_name 'seneca' -> Finger Lakes | allRequirements: county 'cayuga county' -> Central New York | allRequirements: county 'onondaga county' -> Central New York | allRequirements: county 'ontario county' -> Finger Lakes | allRequirements: county_name 'seneca' -> Finger Lakes | allRequirements: county 'seneca county' -> Finger Lakes | allRequirements: county 'wayne county' -> Finger Lakes | allRequirements: county 'yates county' -> Finger Lakes
https://dol.ny.gov/news/geneva-electrical-jatc-local-840-1,"[""Central New York"", ""Finger Lakes""]",residencyRequirement: county 'onondaga county' -> Central New York | residencyRequirement: county 'ontario county' -> Finger Lakes | residencyRequirement: county 'cayuga county' -> Central New York | residencyRequirement: county 'seneca county' -> Finger Lakes | residencyRequirement: county 'wayne county' -> Finger Lakes | residencyRequirement: county 'yates county' -> Finger Lakes | residencyRequirement: county_name 'seneca' -> Finger Lakes | allRequirements: county 'onondaga county' -> Central New York | allRequirements: county 'ontario county' -> Finger Lakes | allRequirements: county 'cayuga county' -> Central New York | allRequirements: county 'seneca county' -> Finger Lakes | allRequirements: county 'wayne county' -> Finger Lakes | allRequirements: county 'yates county' -> Finger Lakes | allRequirements: county_name 'seneca' -> Finger Lakes
https://dol.ny.gov/news/heat-frost-insulation-allied-workers-lu-26-0,"[""Finger Lakes""]",locationSummary: alias 'rochester' -> Finger Lakes
https://dol.ny.gov/news/high-rise-concrete-carpenters-jatc-new-york-city-1,"[""New York City""]",locationSummary: region 'new york city' -> New York City
https://dol.ny.gov/news/international-union-bricklayers-allied-craftsmen-local-3-ny-ithaca-chapter-0,"[""Southern Tier""]",locationSummary: locality 'whitney point' -> Southern Tier
https://dol.ny.gov/news/iron-workers-local-union-6,"[""Finger Lakes"", ""Southern Tier"", ""Western New York""]",locationSummary: region 'southern tier' -> Southern Tier | locationSummary: region 'finger lakes' -> Finger Lakes | locationSummary: region 'western' -> Western New York | residencyRequirement: county_name 'cattaraugus' -> Western New York | residencyRequirement: county_name 'chautauqua' -> Western New York | residencyRequirement: county_name 'allegany' -> Western New York | residencyRequirement: county_name 'genesee' -> Finger Lakes | residencyRequirement: county_name 'wyoming' -> Finger Lakes | residencyRequirement: county_name 'steuben' -> Southern Tier | residencyRequirement: county_name 'erie' -> Western New York | allRequirements: county 'cattaraugus county' -> Western New York | allRequirements: county 'chautauqua county' -> Western New York | allRequirements: county 'allegany county' -> Western New York | allRequirements: county 'genesee county' -> Finger Lakes | allRequirements: county 'wyoming county' -> Finger Lakes | allRequirements: county 'steuben county' -> Southern Tier | allRequirements: county 'erie county' -> Western New York | allRequirements: county_name 'genesee' -> Finger Lakes
https://dol.ny.gov/news/ironworkers-jac-syracuse-lu-60-0,"[""Central New York"", ""Finger Lakes"", ""North Country"", ""Southern Tier""]",locationSummary: region 'north country' -> North Country | locationSummary: region 'finger lakes' -> Finger Lakes | locationSummary: region 'central' -> Central New York | locationSummary: region 'southern' -> Southern Tier | residencyRequirement: county_name 'jefferson' -> North Country | residencyRequirement: county_name 'cortland' -> Central New York | residencyRequirement: county_name 'onondaga' -> Central New York | residencyRequirement: county_name 'chenango' -> Southern Tier | residencyRequirement: county_name 'schuyler' -> Southern Tier | residencyRequirement: county_name 'tompkins' -> Southern Tier | residencyRequirement: county_name 'madison' -> Central New York | residencyRequirement: county_name 'cayuga' -> Central New York | residencyRequirement: county_name 'oswego' -> Central New York | residencyRequirement: county_name 'seneca' -> Finger Lakes | residencyRequirement: county_name 'broome' -> Southern Tier | residencyRequirement: county_name 'wayne' -> Finger Lakes | residencyRequirement: county_name 'tioga' -> Southern Tier | allRequirements: county_name 'jefferson' -> North Country | allRequirements: county_name 'cortland' -> Central New York | allRequirements: county_name 'onondaga' -> Central New York | allRequirements: county_name 'chenango' -> Southern Tier | allRequirements: county_name 'schuyler' -> Southern Tier | allRequirements: county_name 'tompkins' -> Southern Tier | allRequirements: county_name 'madison' -> Central New York | allRequirements: county_name 'cayuga' -> Central New York | allRequirements: county_name 'oswego' -> Central New York | allRequirements: county_name 'seneca' -> Finger Lakes | allRequirements: county_name 'broome' -> Southern Tier | allRequirements: county_name 'wayne' -> Finger Lakes | allRequirements: county_name 'tioga' -> Southern Tier
https://dol.ny.gov/news/ironworkers-jatc-lu-417-newburgh,"[""Hudson Valley""]",residencyRequirement: county 'ulster county' -> Hudson Valley | residencyRequirement: county_name 'dutchess' -> Hudson Valley | residencyRequirement: county_name 'rockland' -> Hudson Valley | residencyRequirement: county_name 'sullivan' -> Hudson Valley | residencyRequirement: county_name 'orange' -> Hudson Valley | allRequirements: county_name 'dutchess' -> Hudson Valley | allRequirements: county_name 'rockland' -> Hudson Valley | allRequirements: county_name 'sullivan' -> Hudson Valley | allRequirements: county_name 'orange' -> Hudson Valley | allRequirements: county_name 'ulster' -> Hudson Valley
https://dol.ny.gov/news/ironworkers-lu-33-jac-0,"[""Finger Lakes"", ""Southern Tier"", ""Western New York""]",locationSummary: region 'southern tier' -> Southern Tier | locationSummary: region 'finger lakes' -> Finger Lakes | locationSummary: region 'western' -> Western New York | residencyRequirement: county_name 'livingston' -> Finger Lakes | residencyRequirement: county_name 'schuyler' -> Southern Tier | residencyRequirement: county_name 'genesee' -> Finger Lakes | residencyRequirement: county_name 'ontario' -> Finger Lakes | residencyRequirement: county_name 'orleans' -> Finger Lakes | residencyRequirement: county_name 'wyoming' -> Finger Lakes | residencyRequirement: county_name 'chemung' -> Southern Tier | residencyRequirement: county_name 'steuben' -> Southern Tier | residencyRequirement: county_name 'monroe' -> Finger Lakes | residencyRequirement: county_name 'wayne' -> Finger Lakes | residencyRequirement: county_name 'yates' -> Finger Lakes | allRequirements: county_name 'livingston' -> Finger Lakes | allRequirements: county_name 'schuyler' -> Southern Tier | allRequirements: county_name 'genesee' -> Finger Lakes | allRequirements: county_name 'ontario' -> Finger Lakes | allRequirements: county_name 'orleans' -> Finger Lakes | allRequirements: county_name 'wyoming' -> Finger Lakes | allRequirements: county_name 'chemung' -> Southern Tier | allRequirements: county_name 'steuben' -> Southern Tier | allRequirements: county_name 'monroe' -> Finger Lakes | allRequirements: county_name 'wayne' -> Finger Lakes | allRequirements: county_name 'yates' -> Finger Lakes
https://dol.ny.gov/news/jatc-tile-marble-terrazzo-bac-lu-7,"[""Long Island""]",locationSummary: region 'long island' -> Long Island
https://dol.ny.gov/news/laborers-international-union-north-america-local-785-jatc-0,"[""Central New York"", ""Southern Tier""]",residencyRequirement: county 'chenango county' -> Southern Tier | residencyRequirement: county 'delaware county' -> Southern Tier | residencyRequirement: county_name 'cortland' -> Central New York | residencyRequirement: county_name 'schuyler' -> Southern Tier | residencyRequirement: county_name 'tompkins' -> Southern Tier | residencyRequirement: county_name 'chemung' -> Southern Tier | residencyRequirement: county_name 'steuben' -> Southern Tier | residencyRequirement: county_name 'broome' -> Southern Tier | residencyRequirement: county_name 'tioga' -> Southern Tier | allRequirements: county 'chenango county' -> Southern Tier | allRequirements: county 'delaware county' -> Southern Tier | allRequirements: county_name 'cortland' -> Central New York | allRequirements: county_name 'schuyler' -> Southern Tier | allRequirements: county_name 'tompkins' -> Southern Tier | allRequirements: county_name 'chemung' -> Southern Tier | allRequirements: county_name 'steuben' -> Southern Tier | allRequirements: county_name 'broome' -> Southern Tier | allRequirements: county_name 'tioga' -> Southern Tier
https://dol.ny.gov/news/liuna-local-731-training-fund,"[""New York City""]",locationSummary: alias 'college point' -> New York City
https://dol.ny.gov/news/north-atlantic-state-carpenters-training-fund-0,"[""Capital Region"", ""Central New York"", ""Finger Lakes"", ""Hudson Valley"", ""Long Island"", ""Mohawk Valley"", ""New York City"", ""North Country"", ""Southern Tier"", ""Western New York""]",locationSummary: region 'capital district' -> Capital Region | locationSummary: region 'mohawk valley' -> Mohawk Valley | locationSummary: region 'north country' -> North Country | locationSummary: region 'southern tier' -> Southern Tier | locationSummary: region 'finger lakes' -> Finger Lakes | locationSummary: region 'central' -> Central New York | locationSummary: region 'western' -> Western New York | residencyRequirement: county_name 'westchester' -> Hudson Valley | residencyRequirement: county_name 'dutchess' -> Hudson Valley | residencyRequirement: county_name 'rockland' -> Hudson Valley | residencyRequirement: county_name 'richmond' -> New York City | residencyRequirement: county_name 'suffolk' -> Long Island | residencyRequirement: county_name 'orange' -> Hudson Valley | residencyRequirement: county_name 'putnam' -> Hudson Valley | residencyRequirement: county_name 'nassau' -> Long Island | residencyRequirement: county_name 'queens' -> New York City | residencyRequirement: county_name 'bronx' -> New York City | residencyRequirement: county_name 'kings' -> New York City | allRequirements: county_name 'westchester' -> Hudson Valley | allRequirements: county_name 'dutchess' -> Hudson Valley | allRequirements: county_name 'rockland' -> Hudson Valley | allRequirements: county_name 'richmond' -> New York City | allRequirements: county_name 'suffolk' -> Long Island | allRequirements: county_name 'orange' -> Hudson Valley | allRequirements: county_name 'putnam' -> Hudson Valley | allRequirements: county_name 'nassau' -> Long Island | allRequirements: county_name 'queens' -> New York City | allRequirements: county_name 'bronx' -> New York City | allRequirements: county_name 'kings' -> New York City
https://dol.ny.gov/news/north-atlantic-states-carpenters-training-fund-10,"[""Capital Region"", ""Central New York"", ""Finger Lakes"", ""Hudson Valley"", ""Long Island"", ""Mohawk Valley"", ""New York City"", ""North Country"", ""Southern Tier"", ""Western New York""]",locationSummary: region 'new york city' -> New York City | residencyRequirement: region 'new york city' -> New York City | residencyRequirement: county_name 'st lawrence' -> North Country | residencyRequirement: county_name 'schenectady' -> Capital Region | residencyRequirement: county_name 'westchester' -> Hudson Valley | residencyRequirement: county_name 'cattaraugus' -> Western New York | residencyRequirement: county_name 'rensselaer' -> Capital Region | residencyRequirement: county_name 'washington' -> Capital Region | residencyRequirement: county_name 'livingston' -> Finger Lakes | residencyRequirement: county_name 'montgomery' -> Mohawk Valley | residencyRequirement: county_name 'chautauqua' -> Western New York | residencyRequirement: county_name 'schoharie' -> Mohawk Valley | residencyRequirement: county_name 'jefferson' -> North Country | residencyRequirement: county_name 'columbia' -> Capital Region | residencyRequirement: county_name 'saratoga' -> Capital Region | residencyRequirement: county_name 'cortland' -> Central New York | residencyRequirement: county_name 'onondaga' -> Central New York | residencyRequirement: county_name 'dutchess' -> Hudson Valley | residencyRequirement: county_name 'rockland' -> Hudson Valley | residencyRequirement: county_name 'sullivan' -> Hudson Valley | residencyRequirement: county_name 'herkimer' -> Mohawk Valley | residencyRequirement: county_name 'franklin' -> North Country | residencyRequirement: county_name 'hamilton' -> North Country | residencyRequirement: county_name 'chenango' -> Southern Tier | residencyRequirement: county_name 'delaware' -> Southern Tier | residencyRequirement: county_name 'schuyler' -> Southern Tier | residencyRequirement: county_name 'tompkins' -> Southern Tier | residencyRequirement: county_name 'allegany' -> Western New York | residencyRequirement: county_name 'madison' -> Central New York | residencyRequirement: county_name 'genesee' -> Finger Lakes | residencyRequirement: county_name 'ontario' -> Finger Lakes | residencyRequirement: county_name 'orleans' -> Finger Lakes | residencyRequirement: county_name 'wyoming' -> Finger Lakes | residencyRequirement: county_name 'suffolk' -> Long Island | residencyRequirement: county_name 'clinton' -> North Country | residencyRequirement: county_name 'chemung' -> Southern Tier | residencyRequirement: county_name 'steuben' -> Southern Tier | residencyRequirement: county_name 'niagara' -> Western New York | residencyRequirement: county_name 'albany' -> Capital Region | residencyRequirement: county_name 'greene' -> Capital Region | residencyRequirement: county_name 'warren' -> Capital Region | residencyRequirement: county_name 'cayuga' -> Central New York | residencyRequirement: county_name 'oswego' -> Central New York | residencyRequirement: county_name 'monroe' -> Finger Lakes | residencyRequirement: county_name 'seneca' -> Finger Lakes | residencyRequirement: county_name 'orange' -> Hudson Valley | residencyRequirement: county_name 'putnam' -> Hudson Valley | residencyRequirement: county_name 'ulster' -> Hudson Valley | residencyRequirement: county_name 'nassau' -> Long Island | residencyRequirement: county_name 'fulton' -> Mohawk Valley | residencyRequirement: county_name 'oneida' -> Mohawk Valley | residencyRequirement: county_name 'otsego' -> Mohawk Valley | residencyRequirement: county_name 'broome' -> Southern Tier | residencyRequirement: county_name 'wayne' -> Finger Lakes | residencyRequirement: county_name 'yates' -> Finger Lakes | residencyRequirement: county_name 'essex' -> North Country | residencyRequirement: county_name 'lewis' -> North Country | residencyRequirement: county_name 'tioga' -> Southern Tier | residencyRequirement: county_name 'erie' -> Western New York | allRequirements: region 'new york city' -> New York City | allRequirements: county_name 'suffolk' -> Long Island | allRequirements: county_name 'nassau' -> Long Island
https://dol.ny.gov/news/north-atlantic-states-carpenters-training-fund-4,"[""Long Island""]",residencyRequirement: county_name 'suffolk' -> Long Island | residencyRequirement: county_name 'nassau' -> Long Island | allRequirements: county_name 'suffolk' -> Long Island | allRequirements: county_name 'nassau' -> Long Island
https://dol.ny.gov/news/north-atlantic-states-carpenters-training-fund-5,"[""Capital Region"", ""Central New York"", ""Finger Lakes"", ""Hudson Valley"", ""Long Island"", ""Mohawk Valley"", ""North Country"", ""Southern Tier"", ""Western New York""]",allRequirements: county_name 'st lawrence' -> North Country | allRequirements: county_name 'schenectady' -> Capital Region | allRequirements: county_name 'westchester' -> Hudson Valley | allRequirements: county_name 'cattaraugus' -> Western New York | allRequirements: county_name 'rensselaer' -> Capital Region | allRequirements: county_name 'washington' -> Capital Region | allRequirements: county_name 'livingston' -> Finger Lakes | allRequirements: county_name 'montgomery' -> Mohawk Valley | allRequirements: county_name 'chautauqua' -> Western New York | allRequirements: county_name 'schoharie' -> Mohawk Valley | allRequirements: county_name 'jefferson' -> North Country | allRequirements: county_name 'columbia' -> Capital Region | allRequirements: county_name 'saratoga' -> Capital Region | allRequirements: county_name 'cortland' -> Central New York | allRequirements: county_name 'onondaga' -> Central New York | allRequirements: county_name 'dutchess' -> Hudson Valley | allRequirements: county_name 'rockland' -> Hudson Valley | allRequirements: county_name 'sullivan' -> Hudson Valley | allRequirements: county_name 'herkimer' -> Mohawk Valley | allRequirements: county_name 'franklin' -> North Country | allRequirements: county_name 'hamilton' -> North Country | allRequirements: county_name 'chenango' -> Southern Tier | allRequirements: county_name 'delaware' -> Southern Tier | allRequirements: county_name 'schuyler' -> Southern Tier | allRequirements: county_name 'tompkins' -> Southern Tier | allRequirements: county_name 'allegany' -> Western New York | allRequirements: county_name 'madison' -> Central New York | allRequirements: county_name 'genesee' -> Finger Lakes | allRequirements: county_name 'ontario' -> Finger Lakes | allRequirements: county_name 'orleans' -> Finger Lakes | allRequirements: county_name 'wyoming' -> Finger Lakes | allRequirements: county_name 'suffolk' -> Long Island | allRequirements: county_name 'clinton' -> North Country | allRequirements: county_name 'chemung' -> Southern Tier | allRequirements: county_name 'steuben' -> Southern Tier | allRequirements: county_name 'niagara' -> Western New York | allRequirements: county_name 'albany' -> Capital Region | allRequirements: county_name 'greene' -> Capital Region | allRequirements: county_name 'warren' -> Capital Region | allRequirements: county_name 'cayuga' -> Central New York | allRequirements: county_name 'oswego' -> Central New York | allRequirements: county_name 'monroe' -> Finger Lakes | allRequirements: county_name 'seneca' -> Finger Lakes | allRequirements: county_name 'orange' -> Hudson Valley | allRequirements: county_name 'putnam' -> Hudson Valley | allRequirements: county_name 'ulster' -> Hudson Valley | allRequirements: county_name 'nassau' -> Long Island | allRequirements: county_name 'fulton' -> Mohawk Valley | allRequirements: county_name 'oneida' -> Mohawk Valley | allRequirements: county_name 'otsego' -> Mohawk Valley | allRequirements: county_name 'broome' -> Southern Tier | allRequirements: county_name 'wayne' -> Finger Lakes | allRequirements: county_name 'yates' -> Finger Lakes | allRequirements: county_name 'essex' -> North Country | allRequirements: county_name 'lewis' -> North Country | allRequirements: county_name 'tioga' -> Southern Tier | allRequirements: county_name 'erie' -> Western New York
https://dol.ny.gov/news/north-atlantic-states-carpenters-training-fund-6,"[""Hudson Valley""]",residencyRequirement: county_name 'westchester' -> Hudson Valley | residencyRequirement: county_name 'dutchess' -> Hudson Valley | residencyRequirement: county_name 'rockland' -> Hudson Valley | residencyRequirement: county_name 'sullivan' -> Hudson Valley | residencyRequirement: county_name 'orange' -> Hudson Valley | residencyRequirement: county_name 'putnam' -> Hudson Valley | residencyRequirement: county_name 'ulster' -> Hudson Valley | allRequirements: county_name 'westchester' -> Hudson Valley | allRequirements: county_name 'dutchess' -> Hudson Valley | allRequirements: county_name 'rockland' -> Hudson Valley | allRequirements: county_name 'sullivan' -> Hudson Valley | allRequirements: county_name 'orange' -> Hudson Valley | allRequirements: county_name 'putnam' -> Hudson Valley | allRequirements: county_name 'ulster' -> Hudson Valley
https://dol.ny.gov/news/north-atlantic-states-carpenters-training-fund-7,"[""Capital Region"", ""Mohawk Valley"", ""North Country""]",residencyRequirement: county_name 'schenectady' -> Capital Region | residencyRequirement: county_name 'rensselaer' -> Capital Region | residencyRequirement: county_name 'washington' -> Capital Region | residencyRequirement: county_name 'montgomery' -> Mohawk Valley | residencyRequirement: county_name 'schoharie' -> Mohawk Valley | residencyRequirement: county_name 'columbia' -> Capital Region | residencyRequirement: county_name 'saratoga' -> Capital Region | residencyRequirement: county_name 'franklin' -> North Country | residencyRequirement: county_name 'hamilton' -> North Country | residencyRequirement: county_name 'clinton' -> North Country | residencyRequirement: county_name 'albany' -> Capital Region | residencyRequirement: county_name 'greene' -> Capital Region | residencyRequirement: county_name 'warren' -> Capital Region | residencyRequirement: county_name 'fulton' -> Mohawk Valley | residencyRequirement: county_name 'essex' -> North Country | allRequirements: county_name 'schenectady' -> Capital Region | allRequirements: county_name 'rensselaer' -> Capital Region | allRequirements: county_name 'washington' -> Capital Region | allRequirements: county_name 'montgomery' -> Mohawk Valley | allRequirements: county_name 'schoharie' -> Mohawk Valley | allRequirements: county_name 'columbia' -> Capital Region | allRequirements: county_name 'saratoga' -> Capital Region | allRequirements: county_name 'franklin' -> North Country | allRequirements: county_name 'hamilton' -> North Country | allRequirements: county_name 'clinton' -> North Country | allRequirements: county_name 'albany' -> Capital Region | allRequirements: county_name 'greene' -> Capital Region | allRequirements: county_name 'warren' -> Capital Region | allRequirements: county_name 'fulton' -> Mohawk Valley | allRequirements: county_name 'essex' -> North Country
https://dol.ny.gov/news/north-atlantic-states-carpenters-training-fund-8,"[""Central New York"", ""Finger Lakes"", ""Mohawk Valley"", ""North Country"", ""Southern Tier"", ""Western New York""]",residencyRequirement: county_name 'st lawrence' -> North Country | residencyRequirement: county_name 'cattaraugus' -> Western New York | residencyRequirement: county_name 'livingston' -> Finger Lakes | residencyRequirement: county_name 'chautauqua' -> Western New York | residencyRequirement: county_name 'jefferson' -> North Country | residencyRequirement: county_name 'cortland' -> Central New York | residencyRequirement: county_name 'onondaga' -> Central New York | residencyRequirement: county_name 'herkimer' -> Mohawk Valley | residencyRequirement: county_name 'chenango' -> Southern Tier | residencyRequirement: county_name 'delaware' -> Southern Tier | residencyRequirement: county_name 'schuyler' -> Southern Tier | residencyRequirement: county_name 'tompkins' -> Southern Tier | residencyRequirement: county_name 'allegany' -> Western New York | residencyRequirement: county_name 'madison' -> Central New York | residencyRequirement: county_name 'genesee' -> Finger Lakes | residencyRequirement: county_name 'ontario' -> Finger Lakes | residencyRequirement: county_name 'orleans' -> Finger Lakes | residencyRequirement: county_name 'wyoming' -> Finger Lakes | residencyRequirement: county_name 'chemung' -> Southern Tier | residencyRequirement: county_name 'steuben' -> Southern Tier | residencyRequirement: county_name 'niagara' -> Western New York | residencyRequirement: county_name 'cayuga' -> Central New York | residencyRequirement: county_name 'oswego' -> Central New York | residencyRequirement: county_name 'monroe' -> Finger Lakes | residencyRequirement: county_name 'seneca' -> Finger Lakes | residencyRequirement: county_name 'oneida' -> Mohawk Valley | residencyRequirement: county_name 'otsego' -> Mohawk Valley | residencyRequirement: county_name 'broome' -> Southern Tier | residencyRequirement: county_name 'wayne' -> Finger Lakes | residencyRequirement: county_name 'yates' -> Finger Lakes | residencyRequirement: county_name 'lewis' -> North Country | residencyRequirement: county_name 'tioga' -> Southern Tier | residencyRequirement: county_name 'erie' -> Western New York | allRequirements: county_name 'st lawrence' -> North Country | allRequirements: county_name 'cattaraugus' -> Western New York | allRequirements: county_name 'livingston' -> Finger Lakes | allRequirements: county_name 'chautauqua' -> Western New York | allRequirements: county_name 'jefferson' -> North Country | allRequirements: county_name 'cortland' -> Central New York | allRequirements: county_name 'onondaga' -> Central New York | allRequirements: county_name 'herkimer' -> Mohawk Valley | allRequirements: county_name 'chenango' -> Southern Tier | allRequirements: county_name 'delaware' -> Southern Tier | allRequirements: county_name 'schuyler' -> Southern Tier | allRequirements: county_name 'tompkins' -> Southern Tier | allRequirements: county_name 'allegany' -> Western New York | allRequirements: county_name 'madison' -> Central New York | allRequirements: county_name 'genesee' -> Finger Lakes | allRequirements: county_name 'ontario' -> Finger Lakes | allRequirements: county_name 'orleans' -> Finger Lakes | allRequirements: county_name 'wyoming' -> Finger Lakes | allRequirements: county_name 'chemung' -> Southern Tier | allRequirements: county_name 'steuben' -> Southern Tier | allRequirements: county_name 'niagara' -> Western New York | allRequirements: county_name 'cayuga' -> Central New York | allRequirements: county_name 'oswego' -> Central New York | allRequirements: county_name 'monroe' -> Finger Lakes | allRequirements: county_name 'seneca' -> Finger Lakes | allRequirements: county_name 'oneida' -> Mohawk Valley | allRequirements: county_name 'otsego' -> Mohawk Valley | allRequirements: county_name 'broome' -> Southern Tier | allRequirements: county_name 'wayne' -> Finger Lakes | allRequirements: county_name 'yates' -> Finger Lakes | allRequirements: county_name 'lewis' -> North Country | allRequirements: county_name 'tioga' -> Southern Tier | allRequirements: county_name 'erie' -> Western New York
https://dol.ny.gov/news/north-atlantic-states-carpenters-training-fund-9,"[""Capital Region"", ""Central New York"", ""Finger Lakes"", ""Hudson Valley"", ""Long Island"", ""Mohawk Valley"", ""New York City"", ""North Country"", ""Southern Tier"", ""Western New York""]",residencyRequirement: region 'new york city' -> New York City | residencyRequirement: county_name 'st lawrence' -> North Country | residencyRequirement: county_name 'schenectady' -> Capital Region | residencyRequirement: county_name 'westchester' -> Hudson Valley | residencyRequirement: county_name 'cattaraugus' -> Western New York | residencyRequirement: county_name 'rensselaer' -> Capital Region | residencyRequirement: county_name 'washington' -> Capital Region | residencyRequirement: county_name 'livingston' -> Finger Lakes | residencyRequirement: county_name 'montgomery' -> Mohawk Valley | residencyRequirement: county_name 'chautauqua' -> Western New York | residencyRequirement: county_name 'schoharie' -> Mohawk Valley | residencyRequirement: county_name 'jefferson' -> North Country | residencyRequirement: county_name 'columbia' -> Capital Region | residencyRequirement: county_name 'saratoga' -> Capital Region | residencyRequirement: county_name 'cortland' -> Central New York | residencyRequirement: county_name 'onondaga' -> Central New York | residencyRequirement: county_name 'dutchess' -> Hudson Valley | residencyRequirement: county_name 'rockland' -> Hudson Valley | residencyRequirement: county_name 'sullivan' -> Hudson Valley | residencyRequirement: county_name 'herkimer' -> Mohawk Valley | residencyRequirement: county_name 'franklin' -> North Country | residencyRequirement: county_name 'hamilton' -> North Country | residencyRequirement: county_name 'chenango' -> Southern Tier | residencyRequirement: county_name 'delaware' -> Southern Tier | residencyRequirement: county_name 'schuyler' -> Southern Tier | residencyRequirement: county_name 'tompkins' -> Southern Tier | residencyRequirement: county_name 'allegany' -> Western New York | residencyRequirement: county_name 'madison' -> Central New York | residencyRequirement: county_name 'genesee' -> Finger Lakes | residencyRequirement: county_name 'ontario' -> Finger Lakes | residencyRequirement: county_name 'orleans' -> Finger Lakes | residencyRequirement: county_name 'wyoming' -> Finger Lakes | residencyRequirement: county_name 'suffolk' -> Long Island | residencyRequirement: county_name 'clinton' -> North Country | residencyRequirement: county_name 'chemung' -> Southern Tier | residencyRequirement: county_name 'steuben' -> Southern Tier | residencyRequirement: county_name 'niagara' -> Western New York | residencyRequirement: county_name 'albany' -> Capital Region | residencyRequirement: county_name 'greene' -> Capital Region | residencyRequirement: county_name 'warren' -> Capital Region | residencyRequirement: county_name 'cayuga' -> Central New York | residencyRequirement: county_name 'oswego' -> Central New York | residencyRequirement: county_name 'monroe' -> Finger Lakes | residencyRequirement: county_name 'seneca' -> Finger Lakes | residencyRequirement: county_name 'orange' -> Hudson Valley | residencyRequirement: county_name 'putnam' -> Hudson Valley | residencyRequirement: county_name 'ulster' -> Hudson Valley | residencyRequirement: county_name 'nassau' -> Long Island | residencyRequirement: county_name 'fulton' -> Mohawk Valley | residencyRequirement: county_name 'oneida' -> Mohawk Valley | residencyRequirement: county_name 'otsego' -> Mohawk Valley | residencyRequirement: county_name 'broome' -> Southern Tier | residencyRequirement: county_name 'wayne' -> Finger Lakes | residencyRequirement: county_name 'yates' -> Finger Lakes | residencyRequirement: county_name 'essex' -> North Country | residencyRequirement: county_name 'lewis' -> North Country | residencyRequirement: county_name 'tioga' -> Southern Tier | residencyRequirement: county_name 'erie' -> Western New York | allRequirements: region 'new york city' -> New York City | allRequirements: county_name 'suffolk' -> Long Island | allRequirements: county_name 'nassau' -> Long Island
https://dol.ny.gov/news/plumbers-and-pipefitters-binghamton-lu-112-northern-zone-0,"[""Central New York"", ""Mohawk Valley"", ""North Country""]",locationSummary: region 'mohawk valley' -> Mohawk Valley | locationSummary: region 'north country' -> North Country | locationSummary: region 'central' -> Central New York
https://dol.ny.gov/news/plumbers-and-pipefitters-binghamton-lu-112-southern-zone-0,"[""Mohawk Valley"", ""Southern Tier""]",locationSummary: region 'mohawk valley' -> Mohawk Valley | locationSummary: region 'southern tier' -> Southern Tier
https://dol.ny.gov/news/plumbers-steamfitters-jac-local-773-0,"[""Capital Region"", ""North Country""]",locationSummary: region 'capital district' -> Capital Region | locationSummary: region 'north country' -> North Country | residencyRequirement: region 'capital district' -> Capital Region | residencyRequirement: region 'north country' -> North Country
https://dol.ny.gov/news/plumbers-steamfitters-jatc-lu-81-1,"[""Central New York"", ""Finger Lakes"", ""North Country"", ""Southern Tier""]",residencyRequirement: county_name 'st lawrence' -> North Country | residencyRequirement: county_name 'jefferson' -> North Country | residencyRequirement: county_name 'cortland' -> Central New York | residencyRequirement: county_name 'onondaga' -> Central New York | residencyRequirement: county_name 'franklin' -> North Country | residencyRequirement: county_name 'schuyler' -> Southern Tier | residencyRequirement: county_name 'tompkins' -> Southern Tier | residencyRequirement: county_name 'madison' -> Central New York | residencyRequirement: county_name 'chemung' -> Southern Tier | residencyRequirement: county_name 'cayuga' -> Central New York | residencyRequirement: county_name 'oswego' -> Central New York | residencyRequirement: county_name 'seneca' -> Finger Lakes | residencyRequirement: county_name 'lewis' -> North Country | allRequirements: county_name 'st lawrence' -> North Country | allRequirements: county_name 'jefferson' -> North Country | allRequirements: county_name 'cortland' -> Central New York | allRequirements: county_name 'onondaga' -> Central New York | allRequirements: county_name 'franklin' -> North Country | allRequirements: county_name 'schuyler' -> Southern Tier | allRequirements: county_name 'tompkins' -> Southern Tier | allRequirements: county_name 'madison' -> Central New York | allRequirements: county_name 'chemung' -> Southern Tier | allRequirements: county_name 'cayuga' -> Central New York | allRequirements: county_name 'oswego' -> Central New York | allRequirements: county_name 'seneca' -> Finger Lakes | allRequirements: county_name 'lewis' -> North Country
https://dol.ny.gov/news/plumbers-steamfitters-local-union-7-jac,"[""Capital Region""]",locationSummary: alias 'latham' -> Capital Region
https://dol.ny.gov/news/plumbers-steamfitters-lu-22-jac-western-ny-2,"[""Finger Lakes"", ""Western New York""]",locationSummary: region 'western new york' -> Western New York | locationSummary: region 'finger lakes' -> Finger Lakes | residencyRequirement: county_name 'cattaraugus' -> Western New York | residencyRequirement: county_name 'chautauqua' -> Western New York | residencyRequirement: county_name 'allegany' -> Western New York | residencyRequirement: county_name 'genesee' -> Finger Lakes | residencyRequirement: county_name 'orleans' -> Finger Lakes | residencyRequirement: county_name 'wyoming' -> Finger Lakes | residencyRequirement: county_name 'niagara' -> Western New York | residencyRequirement: county_name 'erie' -> Western New York | allRequirements: county_name 'cattaraugus' -> Western New York | allRequirements: county_name 'chautauqua' -> Western New York | allRequirements: county_name 'wyoming' -> Finger Lakes | allRequirements: county_name 'niagara' -> Western New York | allRequirements: county_name 'erie' -> Western New York | allRequirements: county 'genesee county' -> Finger Lakes | allRequirements: county 'orleans county' -> Finger Lakes | allRequirements: county_name 'yates' -> Finger Lakes | allRequirements: county 'allegany county' -> Western New York | allRequirements: county_name 'genesee' -> Finger Lakes
https://dol.ny.gov/news/plumbers-steamfitters-lu-22-jac-western-ny-3,"[""Finger Lakes"", ""Western New York""]",locationSummary: region 'finger lakes' -> Finger Lakes | locationSummary: region 'western' -> Western New York | residencyRequirement: county 'allegany county' -> Western New York | residencyRequirement: county 'genesee county' -> Finger Lakes | residencyRequirement: county 'orleans county' -> Finger Lakes | residencyRequirement: county_name 'cattaraugus' -> Western New York | residencyRequirement: county_name 'chautauqua' -> Western New York | residencyRequirement: county_name 'genesee' -> Finger Lakes | residencyRequirement: county_name 'wyoming' -> Finger Lakes | residencyRequirement: county_name 'niagara' -> Western New York | residencyRequirement: county_name 'yates' -> Finger Lakes | residencyRequirement: county_name 'erie' -> Western New York | allRequirements: county 'allegany county' -> Western New York | allRequirements: county 'genesee county' -> Finger Lakes | allRequirements: county 'orleans county' -> Finger Lakes | allRequirements: county_name 'cattaraugus' -> Western New York | allRequirements: county_name 'chautauqua' -> Western New York | allRequirements: county_name 'genesee' -> Finger Lakes | allRequirements: county_name 'wyoming' -> Finger Lakes | allRequirements: county_name 'niagara' -> Western New York | allRequirements: county_name 'yates' -> Finger Lakes | allRequirements: county_name 'erie' -> Western New York
https://dol.ny.gov/news/plumbers-steamfitters-lu-22-jac-western-ny-4,"[""Finger Lakes"", ""Western New York""]",locationSummary: region 'western new york' -> Western New York | locationSummary: region 'finger lakes' -> Finger Lakes | residencyRequirement: county 'allegany county' -> Western New York | residencyRequirement: county 'genesee county' -> Finger Lakes | residencyRequirement: county 'orleans county' -> Finger Lakes | residencyRequirement: county_name 'cattaraugus' -> Western New York | residencyRequirement: county_name 'chautauqua' -> Western New York | residencyRequirement: county_name 'genesee' -> Finger Lakes | residencyRequirement: county_name 'wyoming' -> Finger Lakes | residencyRequirement: county_name 'niagara' -> Western New York | residencyRequirement: county_name 'yates' -> Finger Lakes | residencyRequirement: county_name 'erie' -> Western New York | allRequirements: county 'allegany county' -> Western New York | allRequirements: county 'genesee county' -> Finger Lakes | allRequirements: county 'orleans county' -> Finger Lakes | allRequirements: county_name 'cattaraugus' -> Western New York | allRequirements: county_name 'chautauqua' -> Western New York | allRequirements: county_name 'genesee' -> Finger Lakes | allRequirements: county_name 'wyoming' -> Finger Lakes | allRequirements: county_name 'niagara' -> Western New York | allRequirements: county_name 'yates' -> Finger Lakes | allRequirements: county_name 'erie' -> Western New York
https://dol.ny.gov/news/plumbing-and-heating-jatc-rochester-lu-13-0,"[""Finger Lakes"", ""Southern Tier"", ""Western New York""]",residencyRequirement: county 'yates county' -> Finger Lakes | residencyRequirement: county_name 'livingston' -> Finger Lakes | residencyRequirement: county_name 'allegany' -> Western New York | residencyRequirement: county_name 'genesee' -> Finger Lakes | residencyRequirement: county_name 'ontario' -> Finger Lakes | residencyRequirement: county_name 'orleans' -> Finger Lakes | residencyRequirement: county_name 'steuben' -> Southern Tier | residencyRequirement: county_name 'monroe' -> Finger Lakes | residencyRequirement: county_name 'seneca' -> Finger Lakes | residencyRequirement: county_name 'wayne' -> Finger Lakes | allRequirements: county 'yates county' -> Finger Lakes | allRequirements: county_name 'livingston' -> Finger Lakes | allRequirements: county_name 'allegany' -> Western New York | allRequirements: county_name 'genesee' -> Finger Lakes | allRequirements: county_name 'ontario' -> Finger Lakes | allRequirements: county_name 'orleans' -> Finger Lakes | allRequirements: county_name 'steuben' -> Southern Tier | allRequirements: county_name 'monroe' -> Finger Lakes | allRequirements: county_name 'seneca' -> Finger Lakes | allRequirements: county_name 'wayne' -> Finger Lakes
https://dol.ny.gov/news/rochester-electrical-jatc-lu-86-1,"[""Finger Lakes"", ""New York City""]",residencyRequirement: county_name 'livingston' -> Finger Lakes | residencyRequirement: county_name 'genesee' -> Finger Lakes | residencyRequirement: county_name 'ontario' -> Finger Lakes | residencyRequirement: county_name 'orleans' -> Finger Lakes | residencyRequirement: county_name 'wyoming' -> Finger Lakes | residencyRequirement: county_name 'monroe' -> Finger Lakes | residencyRequirement: county_name 'wayne' -> Finger Lakes | allRequirements: county 'livingston county' -> Finger Lakes | allRequirements: county 'genesee county' -> Finger Lakes | allRequirements: county 'ontario county' -> Finger Lakes | allRequirements: county 'orleans county' -> Finger Lakes | allRequirements: county 'wyoming county' -> Finger Lakes | allRequirements: county 'monroe county' -> Finger Lakes | allRequirements: county 'wayne county' -> Finger Lakes | allRequirements: county_name 'richmond' -> New York City | allRequirements: county_name 'genesee' -> Finger Lakes | allRequirements: county_name 'ontario' -> Finger Lakes
https://dol.ny.gov/news/rochester-laborers-lu-435-jatc,"[""Finger Lakes""]",locationSummary: alias 'rochester' -> Finger Lakes
https://dol.ny.gov/news/rondout-electric-inc,"[""Hudson Valley""]",locationSummary: locality 'highland' -> Hudson Valley
https://dol.ny.gov/news/roofers-jac-capital-district-local-241,"[""Capital Region"", ""Mohawk Valley"", ""North Country""]",locationSummary: region 'capital district' -> Capital Region | locationSummary: region 'mohawk valley' -> Mohawk Valley | locationSummary: region 'north country' -> North Country
https://dol.ny.gov/news/roofers-jac-syracuse-local-195-0,"[""Central New York"", ""Finger Lakes"", ""Mohawk Valley"", ""North Country""]",locationSummary: region 'mohawk valley' -> Mohawk Valley | locationSummary: region 'north country' -> North Country | locationSummary: region 'finger lakes' -> Finger Lakes | locationSummary: region 'central' -> Central New York
https://dol.ny.gov/news/roofers-local-203-jac-0,"[""Southern Tier""]",locationSummary: alias 'binghamton' -> Southern Tier
https://dol.ny.gov/news/roofing-industry-jatc-rochester-local-22-0,"[""Finger Lakes""]",residencyRequirement: county_name 'livingston' -> Finger Lakes | residencyRequirement: county_name 'ontario' -> Finger Lakes | residencyRequirement: county_name 'monroe' -> Finger Lakes | residencyRequirement: county_name 'wayne' -> Finger Lakes | residencyRequirement: county_name 'yates' -> Finger Lakes | allRequirements: county_name 'livingston' -> Finger Lakes | allRequirements: county_name 'ontario' -> Finger Lakes | allRequirements: county_name 'monroe' -> Finger Lakes | allRequirements: county_name 'wayne' -> Finger Lakes | allRequirements: county_name 'yates' -> Finger Lakes
https://dol.ny.gov/news/sheet-metal-jatc-rochester-lu-46-0,"[""Finger Lakes""]",residencyRequirement: county_name 'livingston' -> Finger Lakes | residencyRequirement: county_name 'ontario' -> Finger Lakes | residencyRequirement: county_name 'monroe' -> Finger Lakes | residencyRequirement: county_name 'seneca' -> Finger Lakes | residencyRequirement: county_name 'wayne' -> Finger Lakes | residencyRequirement: county_name 'yates' -> Finger Lakes | allRequirements: county_name 'livingston' -> Finger Lakes | allRequirements: county_name 'ontario' -> Finger Lakes | allRequirements: county_name 'monroe' -> Finger Lakes | allRequirements: county_name 'seneca' -> Finger Lakes | allRequirements: county_name 'wayne' -> Finger Lakes | allRequirements: county_name 'yates' -> Finger Lakes
https://dol.ny.gov/news/sheetmetal-workers-jac-syracuse-58,"[""Central New York"", ""Mohawk Valley"", ""North Country"", ""Southern Tier""]",locationSummary: region 'mohawk valley' -> Mohawk Valley | locationSummary: region 'north country' -> North Country | locationSummary: region 'southern tier' -> Southern Tier | locationSummary: region 'central' -> Central New York
https://dol.ny.gov/news/sheetmetal-workers-jac-syracuse-58-0,"[""Central New York"", ""Mohawk Valley"", ""North Country"", ""Southern Tier""]",locationSummary: region 'mohawk valley' -> Mohawk Valley | locationSummary: region 'north country' -> North Country | locationSummary: region 'southern tier' -> Southern Tier | locationSummary: region 'central' -> Central New York
https://dol.ny.gov/news/southern-tier-laborers-local-621-0,"[""Western New York""]",allRequirements: county_name 'cattaraugus' -> Western New York | allRequirements: county_name 'chautauqua' -> Western New York | allRequirements: county_name 'allegany' -> Western New York
https://dol.ny.gov/news/united-union-roofers-waterproofers-jac-lu-154-0,"[""Long Island""]",residencyRequirement: county_name 'suffolk' -> Long Island | residencyRequirement: county_name 'nassau' -> Long Island | allRequirements: county_name 'suffolk' -> Long Island | allRequirements: county_name 'nassau' -> Long Island
https://dol.ny.gov/news/usis-electric-inc,"[""Hudson Valley"", ""Long Island"", ""New York City""]",locationSummary: region 'new york city' -> New York City | locationSummary: region 'hudson valley' -> Hudson Valley | locationSummary: region 'long island' -> Long Island | residencyRequirement: county_name 'westchester' -> Hudson Valley | residencyRequirement: county_name 'rockland' -> Hudson Valley | residencyRequirement: county_name 'orange' -> Hudson Valley | residencyRequirement: county_name 'putnam' -> Hudson Valley | allRequirements: county_name 'westchester' -> Hudson Valley | allRequirements: county_name 'rockland' -> Hudson Valley | allRequirements: county_name 'orange' -> Hudson Valley | allRequirements: county_name 'putnam' -> Hudson Valley
https://dol.ny.gov/news/westchester-fairfield-jeatc-lu-3-ibew-0,"[""Hudson Valley""]",locationSummary: alias 'white plains' -> Hudson Valley
https://dol.ny.gov/news/westchester-fairfield-jeatc-lu-3-ibew-1,"[""Hudson Valley""]",locationSummary: alias 'white plains' -> Hudson Valley
