PROGRAM_AK,POSTING_URL,STATUS
20,https://dol.ny.gov/news/boilermakers-northeastern-jac-lu-5-zone-197,200
114,https://dol.ny.gov/news/bricklayers-allied-craftworkers-jac-local-2-syracuse-1,200
281,https://dol.ny.gov/news/geneva-electrical-jatc-local-840-0,403
281,https://dol.ny.gov/news/geneva-electrical-jatc-local-840-1,200
435,https://dol.ny.gov/news/usis-electric-inc,200
546,https://dol.ny.gov/news/bricklayers-allied-craftworkers-local-3-rochester-1,200
656,https://dol.ny.gov/news/bricklayers-allied-craftworkers-jac-local-2-syracuse-1,200
668,https://dol.ny.gov/news/ironworkers-jatc-lu-417-newburgh,200
744,https://dol.ny.gov/news/rondout-electric-inc,403
858,https://dol.ny.gov/news/roofing-industry-jatc-rochester-local-22-0,301
858,https://dol.ny.gov/ap/roofing-industry-jatc-rochester-local-22,200
1261,https://dol.ny.gov/news/international-union-bricklayers-allied-craftsmen-local-3-ny-ithaca-chapter-0,200
1540,https://dol.ny.gov/news/central-new-york-electrical-training-alliance-1,301
1540,https://dol.ny.gov/ap/central-new-york-electrical-training-alliance,200
1735,https://dol.ny.gov/news/rochester-electrical-jatc-lu-86-1,200
2088,https://dol.ny.gov/news/jatc-tile-marble-terrazzo-bac-lu-7,200
2090,https://dol.ny.gov/news/north-atlantic-states-carpenters-training-fund-5,301
2090,https://dol.ny.gov/ap/north-atlantic-states-carpenters-training-fund,200
2541,https://dol.ny.gov/news/international-union-operating-engineers-local-union-138,200
2582,https://dol.ny.gov/news/finishing-trades-institute-western-central-ny-buffalo,200
2642,https://dol.ny.gov/news/finishing-trades-institute-western-central-ny-buffalo,200
2659,https://dol.ny.gov/news/international-union-bricklayers-allied-craftsmen-local-3-ny-ithaca-chapter-0,200
2710,https://dol.ny.gov/news/eastern-new-york-laborers-training-center,200
2864,https://dol.ny.gov/news/north-atlantic-states-carpenters-training-fund-6,200
3259,https://dol.ny.gov/news/north-atlantic-states-carpenters-training-fund-8,200
3374,https://dol.ny.gov/news/international-union-bricklayers-allied-craftsmen-local-3-ny-ithaca-chapter-0,200
3449,https://dol.ny.gov/news/finishing-trades-institute-western-central-ny-ithaca,200
3459,https://dol.ny.gov/news/electricians-jac-buffalo-lu-41-0,200
3459,https://dol.ny.gov/news/electricians-jac-buffalo-lu-41-1,200
3656,https://dol.ny.gov/news/plumbers-steamfitters-lu-22-jac-western-ny-4,301
3656,https://dol.ny.gov/ap/plumbers-steamfitters-lu-22-jac-western-ny,200
4017,https://dol.ny.gov/news/bac-local-1-hudson-valley,200
4078,https://dol.ny.gov/news/finishing-trades-institute-western-central-ny-buffalo,200
4123,https://dol.ny.gov/ap/thomas-shortman-training-scholarship-safety-fund-0,200
4145,https://dol.ny.gov/news/ironworkers-jac-syracuse-lu-60-0,200
4644,https://dol.ny.gov/news/north-atlantic-states-carpenters-training-fund-9,200
4867,https://dol.ny.gov/news/finishing-trades-institute-western-central-ny-buffalo,200
5020,https://dol.ny.gov/news/finishing-trades-institute-western-central-ny-rochester,200
5045,https://dol.ny.gov/news/carpenters-jatc-nyc-vicinity-2,403
5067,https://dol.ny.gov/news/north-atlantic-states-carpenters-training-fund-7,200
5104,https://dol.ny.gov/news/southern-tier-laborers-local-621-0,301
5104,https://dol.ny.gov/ap/southern-tier-laborers-local-621,200
5186,https://dol.ny.gov/news/sheet-metal-jatc-rochester-lu-46-0,301
5186,https://dol.ny.gov/ap/sheet-metal-jatc-rochester-lu46,200
5262,https://dol.ny.gov/news/bricklayers-allied-craftworkers-local-3-rochester-1,200
5430,https://dol.ny.gov/news/bricklayers-allied-craftworkers-jac-local-2-utica-0,200
5773,https://dol.ny.gov/news/roofers-jac-syracuse-local-195-0,301
5773,https://dol.ny.gov/ap/roofers-jac-syracuse-local-195,200
6254,https://dol.ny.gov/news/construction-general-laborers-local-union-633-0,301
6254,https://dol.ny.gov/ap/construction-general-laborers-local-union-633,200
6295,https://dol.ny.gov/news/plumbers-steamfitters-jatc-lu-81-1,200
6342,https://dol.ny.gov/news/electricians-jac-buffalo-lu-41-0,200
6342,https://dol.ny.gov/news/electricians-jac-buffalo-lu-41-1,200
6624,https://dol.ny.gov/news/bricklayers-allied-craftworkers-jac-local-2-utica-0,200
6647,https://dol.ny.gov/news/finishing-trades-institute-western-central-ny-rochester,200
6951,https://dol.ny.gov/news/electricians-jac-watertown-local-910-0,200
7023,https://dol.ny.gov/news/bricklayers-allied-craftworkers-jac-local-2-syracuse-1,200
7463,https://dol.ny.gov/news/laborers-international-union-north-america-local-785-jatc-0,301
7463,https://dol.ny.gov/ap/laborers-international-union-north-america-local-785-jatc,200
8015,https://dol.ny.gov/news/plumbers-steamfitters-local-union-7-jac,200
8069,https://dol.ny.gov/news/north-atlantic-state-carpenters-training-fund-0,200
8091,https://dol.ny.gov/news/plumbers-steamfitters-jac-local-773-0,200
8118,https://dol.ny.gov/news/carpenters-jatc-nyc-vicinity-2,403
8335,https://dol.ny.gov/news/iron-workers-local-union-6,200
8672,https://dol.ny.gov/news/plumbers-steamfitters-jatc-lu-81-1,200
8738,https://dol.ny.gov/news/bricklayers-allied-craftworkers-jac-local-2-oswego-0,200
9884,https://dol.ny.gov/news/electricians-jac-elmira-lu-139-0,301
9884,https://dol.ny.gov/ap/electricians-jac-elmira-lu-139,200
9925,https://dol.ny.gov/news/finishing-trades-institute-western-central-ny-rochester,200
9974,https://dol.ny.gov/news/united-union-roofers-waterproofers-jac-lu-154-0,301
9974,https://dol.ny.gov/ap/united-union-roofers-waterproofers-jac-lu-154,200
10367,https://dol.ny.gov/news/rochester-laborers-lu-435-jatc,200
10372,https://dol.ny.gov/news/bricklayers-allied-craftworkers-jac-local-2-syracuse-1,200
10928,https://dol.ny.gov/news/plumbers-steamfitters-lu-22-jac-western-ny-3,301
10928,https://dol.ny.gov/ap/plumbers-steamfitters-lu-22-jac-western-ny1,200
11173,https://dol.ny.gov/news/international-union-bricklayers-allied-craftsmen-local-3-ny-ithaca-chapter-0,200
11304,https://dol.ny.gov/news/finishing-trades-institute-western-central-ny-syracuse,200
11354,https://dol.ny.gov/news/bricklayers-allied-craftworkers-local-2-albany-0,200
11867,https://dol.ny.gov/news/plumbers-steamfitters-local-union-7-jac,200
11909,https://dol.ny.gov/news/high-rise-concrete-carpenters-jatc-new-york-city-1,301
11909,https://dol.ny.gov/ap/high-rise-concrete-carpenters-jatc-new-york-city,200
12170,https://dol.ny.gov/news/sheet-metal-jatc-rochester-lu-46-0,301
12170,https://dol.ny.gov/ap/sheet-metal-jatc-rochester-lu46,200
12243,https://dol.ny.gov/news/bricklayers-allied-craftworkers-local-3-rochester-1,200
12605,https://dol.ny.gov/news/bricklayers-allied-craftworkers-local-2-ogdensburg-0,200
12726,https://dol.ny.gov/news/jatc-tile-marble-terrazzo-bac-lu-7,200
13330,https://dol.ny.gov/news/jatc-tile-marble-terrazzo-bac-lu-7,200
13428,https://dol.ny.gov/news/sheetmetal-workers-jac-syracuse-58-0,200
13493,https://dol.ny.gov/news/electricians-jac-binghamton-ibew-lu-325-1,200
13743,https://dol.ny.gov/news/bricklayers-allied-craftworkers-local-3-rochester-1,200
14097,https://dol.ny.gov/news/bricklayers-allied-craftworkers-local-2-albany-0,200
14167,https://dol.ny.gov/news/bricklayers-allied-craftworkers-local-2-albany-0,200
14438,https://dol.ny.gov/news/plumbers-and-pipefitters-binghamton-lu-112-southern-zone-0,200
14652,https://dol.ny.gov/news/plumbing-and-heating-jatc-rochester-lu-13-0,200
14899,https://dol.ny.gov/news/bricklayers-allied-craftworkers-jac-local-2-syracuse-1,200
14920,https://dol.ny.gov/news/carpenters-jatc-nyc-vicinity-2,403
14961,https://dol.ny.gov/ap/north-atlantic-states-carpenters-training-fund-11,200
14961,https://dol.ny.gov/news/north-atlantic-states-carpenters-training-fund-4,200
15327,https://dol.ny.gov/news/plumbers-and-pipefitters-binghamton-lu-112-southern-zone-0,200
15408,https://dol.ny.gov/ap/jac-ibew-electrical-local-3,301
15408,https://dol.ny.gov/ap/jac-ibew-electrical-local,200
15410,https://dol.ny.gov/news/finishing-trades-institute-western-central-ny-syracuse,200
15482,https://dol.ny.gov/news/finishing-trades-institute-western-central-ny-syracuse,200
15531,https://dol.ny.gov/news/boilermakers-northeastern-jac-local-5-zone-7-0,301
15531,https://dol.ny.gov/ap/boilermakers-northeastern-jac-local-5-zone-7,200
15551,https://dol.ny.gov/news/plumbing-and-heating-jatc-rochester-lu-13-0,200
16197,https://dol.ny.gov/news/plumbers-and-pipefitters-binghamton-lu-112-northern-zone-0,301
16197,https://dol.ny.gov/ap/plumbers-and-pipefitters-binghamton-lu-112-northern-zone,200
16443,https://dol.ny.gov/news/general-building-laborers-local66-0,200
16544,https://dol.ny.gov/news/heat-frost-insulation-allied-workers-lu-26-0,301
16544,https://dol.ny.gov/ap/heat-frost-insulation-allied-workers-lu26,200
16553,https://dol.ny.gov/news/capital-sheet-metal-workers-jatc-local-83-0,301
16553,https://dol.ny.gov/ap/capital-sheet-metal-workers-jatc-local83,200
16813,https://dol.ny.gov/news/finishing-trades-institute-western-central-ny-ithaca,200
17082,https://dol.ny.gov/news/plumbers-steamfitters-local-union-7-jac,200
17535,https://dol.ny.gov/news/north-atlantic-states-carpenters-training-fund-10,200
17666,https://dol.ny.gov/news/plumbing-and-heating-jatc-rochester-lu-13-0,200
17675,https://dol.ny.gov/news/westchester-fairfield-jeatc-lu-3-ibew-1,200
17713,https://dol.ny.gov/news/plumbers-steamfitters-jac-local-773-0,200
17734,https://dol.ny.gov/news/electricians-jac-ithaca-241-0,301
17734,https://dol.ny.gov/ap/electricians-jac-ithaca-241,200
17781,https://dol.ny.gov/news/carpenters-jatc-nyc-vicinity-3,301
17781,https://dol.ny.gov/ap/carpenters-jatc-nyc-vicinity,200
17928,https://dol.ny.gov/news/carpenters-jatc-nyc-vicinity-2,403
17956,https://dol.ny.gov/news/roofers-jac-capital-district-local-241,200
17956,https://dol.ny.gov/news/roofers-jac-capital-district-local-241-0,200
18198,https://dol.ny.gov/news/area-sheet-metal-workers-jatc-lu112-elmira-0,301
18198,https://dol.ny.gov/ap/area-sheet-metal-workers-jatc-lu112-elmira,200
18679,https://dol.ny.gov/news/bricklayers-allied-craftworkers-local-2-albany-0,200
18743,https://dol.ny.gov/news/plumbers-steamfitters-lu-22-jac-western-ny-2,200
18789,https://dol.ny.gov/news/finishing-trades-institute-western-central-new-york-oswego,200
18925,https://dol.ny.gov/ap/asbestos-lead-hazardous-waste-laborers-local-78-0,200
